"","or_region","as_region","year","tot_compl","or_lat","or_long","as_lat","as_long"
"1","Caribbean","Caribbean",1990,149.5,21,-78,21,-78
"21","CentralAmerica","CentralAmerica",1990,4004,16,-93,16,-93
"41","CentralAsia","CentralAsia",1990,711111,42,67,42,67
"61","EasternAfrica","EasternAfrica",1990,364413,3,40,3,40
"81","EasternAsia","EasternAsia",1990,0,41,116,41,116
"101","EasternEurope","EasternEurope",1990,14359,51,39,51,39
"121","MiddleAfrica","MiddleAfrica",1990,2818.5,1,17,1,17
"141","NorthernAfrica","NorthernAfrica",1990,2,29,9,29,9
"161","NorthernAmerica","NorthernAmerica",1990,8.5,45,-100,45,-100
"181","NorthernEurope","NorthernEurope",1990,0,59,15,59,15
"201","Oceania","Oceania",1990,47.5,-20,135,-20,135
"221","South-EasternAsia","South-EasternAsia",1990,15442,3,114,3,114
"241","SouthAmerica","SouthAmerica",1990,76.5,-25,-65,-25,-65
"261","SouthernAfrica","SouthernAfrica",1990,139823.5,-23,30,-23,30
"281","SouthernAsia","SouthernAsia",1990,4779,23,79,23,79
"301","SouthernEurope","SouthernEurope",1990,0,40,9,40,9
"321","WesternAfrica","WesternAfrica",1990,119653,11,1,11,1
"341","WesternAsia","WesternAsia",1990,58963,24,42,24,42
"361","WesternEurope","WesternEurope",1990,2,50,5,50,5
"362","Caribbean","Caribbean",1991,172,21,-78,21,-78
"382","CentralAmerica","CentralAmerica",1991,3819.5,16,-93,16,-93
"402","CentralAsia","CentralAsia",1991,125506,42,67,42,67
"422","EasternAfrica","EasternAfrica",1991,309426,3,40,3,40
"442","EasternAsia","EasternAsia",1991,1,41,116,41,116
"462","EasternEurope","EasternEurope",1991,2900.5,51,39,51,39
"482","MiddleAfrica","MiddleAfrica",1991,4325,1,17,1,17
"502","NorthernAfrica","NorthernAfrica",1991,0,29,9,29,9
"522","NorthernAmerica","NorthernAmerica",1991,23,45,-100,45,-100
"542","NorthernEurope","NorthernEurope",1991,2,59,15,59,15
"562","Oceania","Oceania",1991,91,-20,135,-20,135
"582","South-EasternAsia","South-EasternAsia",1991,800,3,114,3,114
"602","SouthAmerica","SouthAmerica",1991,81,-25,-65,-25,-65
"622","SouthernAfrica","SouthernAfrica",1991,104315.5,-23,30,-23,30
"642","SouthernAsia","SouthernAsia",1991,13391.5,23,79,23,79
"662","SouthernEurope","SouthernEurope",1991,0,40,9,40,9
"682","WesternAfrica","WesternAfrica",1991,128902.5,11,1,11,1
"702","WesternAsia","WesternAsia",1991,102939.5,24,42,24,42
"722","WesternEurope","WesternEurope",1991,6,50,5,50,5
"723","Caribbean","Caribbean",1992,60,21,-78,21,-78
"743","CentralAmerica","CentralAmerica",1992,876.5,16,-93,16,-93
"763","CentralAsia","CentralAsia",1992,31385.5,42,67,42,67
"783","EasternAfrica","EasternAfrica",1992,303259.5,3,40,3,40
"803","EasternAsia","EasternAsia",1992,0,41,116,41,116
"823","EasternEurope","EasternEurope",1992,2258,51,39,51,39
"843","MiddleAfrica","MiddleAfrica",1992,2097.5,1,17,1,17
"863","NorthernAfrica","NorthernAfrica",1992,2,29,9,29,9
"883","NorthernAmerica","NorthernAmerica",1992,0,45,-100,45,-100
"903","NorthernEurope","NorthernEurope",1992,57,59,15,59,15
"923","Oceania","Oceania",1992,185,-20,135,-20,135
"943","South-EasternAsia","South-EasternAsia",1992,1488,3,114,3,114
"963","SouthAmerica","SouthAmerica",1992,264.5,-25,-65,-25,-65
"983","SouthernAfrica","SouthernAfrica",1992,174872,-23,30,-23,30
"1003","SouthernAsia","SouthernAsia",1992,84584,23,79,23,79
"1023","SouthernEurope","SouthernEurope",1992,0,40,9,40,9
"1043","WesternAfrica","WesternAfrica",1992,59731.5,11,1,11,1
"1063","WesternAsia","WesternAsia",1992,160309,24,42,24,42
"1083","WesternEurope","WesternEurope",1992,6,50,5,50,5
"1084","Caribbean","Caribbean",1993,750,21,-78,21,-78
"1104","CentralAmerica","CentralAmerica",1993,8,16,-93,16,-93
"1124","CentralAsia","CentralAsia",1993,9513.5,42,67,42,67
"1144","EasternAfrica","EasternAfrica",1993,659782.5,3,40,3,40
"1164","EasternAsia","EasternAsia",1993,0,41,116,41,116
"1184","EasternEurope","EasternEurope",1993,11090,51,39,51,39
"1204","MiddleAfrica","MiddleAfrica",1993,30799,1,17,1,17
"1224","NorthernAfrica","NorthernAfrica",1993,1,29,9,29,9
"1244","NorthernAmerica","NorthernAmerica",1993,2.5,45,-100,45,-100
"1264","NorthernEurope","NorthernEurope",1993,37,59,15,59,15
"1284","Oceania","Oceania",1993,220,-20,135,-20,135
"1304","South-EasternAsia","South-EasternAsia",1993,2449.5,3,114,3,114
"1324","SouthAmerica","SouthAmerica",1993,302,-25,-65,-25,-65
"1344","SouthernAfrica","SouthernAfrica",1993,120658.5,-23,30,-23,30
"1364","SouthernAsia","SouthernAsia",1993,12706,23,79,23,79
"1384","SouthernEurope","SouthernEurope",1993,0,40,9,40,9
"1404","WesternAfrica","WesternAfrica",1993,454008,11,1,11,1
"1424","WesternAsia","WesternAsia",1993,191564.5,24,42,24,42
"1444","WesternEurope","WesternEurope",1993,9,50,5,50,5
"1445","Caribbean","Caribbean",1994,6,21,-78,21,-78
"1465","CentralAmerica","CentralAmerica",1994,10,16,-93,16,-93
"1485","CentralAsia","CentralAsia",1994,399,42,67,42,67
"1505","EasternAfrica","EasternAfrica",1994,686611,3,40,3,40
"1525","EasternAsia","EasternAsia",1994,0,41,116,41,116
"1545","EasternEurope","EasternEurope",1994,5622,51,39,51,39
"1565","MiddleAfrica","MiddleAfrica",1994,5989.5,1,17,1,17
"1585","NorthernAfrica","NorthernAfrica",1994,5,29,9,29,9
"1605","NorthernAmerica","NorthernAmerica",1994,20,45,-100,45,-100
"1625","NorthernEurope","NorthernEurope",1994,36,59,15,59,15
"1645","Oceania","Oceania",1994,406.5,-20,135,-20,135
"1665","South-EasternAsia","South-EasternAsia",1994,5258,3,114,3,114
"1685","SouthAmerica","SouthAmerica",1994,199.5,-25,-65,-25,-65
"1705","SouthernAfrica","SouthernAfrica",1994,305.5,-23,30,-23,30
"1725","SouthernAsia","SouthernAsia",1994,17936,23,79,23,79
"1745","SouthernEurope","SouthernEurope",1994,0,40,9,40,9
"1765","WesternAfrica","WesternAfrica",1994,199377,11,1,11,1
"1785","WesternAsia","WesternAsia",1994,132012.5,24,42,24,42
"1805","WesternEurope","WesternEurope",1994,8,50,5,50,5
"1806","Caribbean","Caribbean",1995,3,21,-78,21,-78
"1826","CentralAmerica","CentralAmerica",1995,278,16,-93,16,-93
"1846","CentralAsia","CentralAsia",1995,12579,42,67,42,67
"1866","EasternAfrica","EasternAfrica",1995,122320,3,40,3,40
"1886","EasternAsia","EasternAsia",1995,1,41,116,41,116
"1906","EasternEurope","EasternEurope",1995,185947.5,51,39,51,39
"1926","MiddleAfrica","MiddleAfrica",1995,10919,1,17,1,17
"1946","NorthernAfrica","NorthernAfrica",1995,15,29,9,29,9
"1966","NorthernAmerica","NorthernAmerica",1995,0,45,-100,45,-100
"1986","NorthernEurope","NorthernEurope",1995,13,59,15,59,15
"2006","Oceania","Oceania",1995,588.5,-20,135,-20,135
"2026","South-EasternAsia","South-EasternAsia",1995,44249,3,114,3,114
"2046","SouthAmerica","SouthAmerica",1995,562.5,-25,-65,-25,-65
"2066","SouthernAfrica","SouthernAfrica",1995,43.5,-23,30,-23,30
"2086","SouthernAsia","SouthernAsia",1995,1511,23,79,23,79
"2106","SouthernEurope","SouthernEurope",1995,0,40,9,40,9
"2126","WesternAfrica","WesternAfrica",1995,138453.5,11,1,11,1
"2146","WesternAsia","WesternAsia",1995,110602,24,42,24,42
"2166","WesternEurope","WesternEurope",1995,7,50,5,50,5
"2167","Caribbean","Caribbean",1996,51,21,-78,21,-78
"2187","CentralAmerica","CentralAmerica",1996,550,16,-93,16,-93
"2207","CentralAsia","CentralAsia",1996,4007,42,67,42,67
"2227","EasternAfrica","EasternAfrica",1996,250952,3,40,3,40
"2247","EasternAsia","EasternAsia",1996,0,41,116,41,116
"2267","EasternEurope","EasternEurope",1996,241548,51,39,51,39
"2287","MiddleAfrica","MiddleAfrica",1996,5601.5,1,17,1,17
"2307","NorthernAfrica","NorthernAfrica",1996,19,29,9,29,9
"2346","NorthernEurope","NorthernEurope",1996,4.5,59,15,59,15
"2366","Oceania","Oceania",1996,1,-20,135,-20,135
"2386","South-EasternAsia","South-EasternAsia",1996,13519.5,3,114,3,114
"2406","SouthAmerica","SouthAmerica",1996,40,-25,-65,-25,-65
"2426","SouthernAfrica","SouthernAfrica",1996,270,-23,30,-23,30
"2446","SouthernAsia","SouthernAsia",1996,9225,23,79,23,79
"2466","SouthernEurope","SouthernEurope",1996,0,40,9,40,9
"2486","WesternAfrica","WesternAfrica",1996,44529.5,11,1,11,1
"2506","WesternAsia","WesternAsia",1996,84086,24,42,24,42
"2526","WesternEurope","WesternEurope",1996,8,50,5,50,5
"2527","Caribbean","Caribbean",1997,15,21,-78,21,-78
"2547","CentralAmerica","CentralAmerica",1997,8.5,16,-93,16,-93
"2567","CentralAsia","CentralAsia",1997,3674,42,67,42,67
"2587","EasternAfrica","EasternAfrica",1997,86673,3,40,3,40
"2607","EasternAsia","EasternAsia",1997,0,41,116,41,116
"2627","EasternEurope","EasternEurope",1997,6926.5,51,39,51,39
"2647","MiddleAfrica","MiddleAfrica",1997,5381,1,17,1,17
"2667","NorthernAfrica","NorthernAfrica",1997,58.5,29,9,29,9
"2687","NorthernAmerica","NorthernAmerica",1997,3,45,-100,45,-100
"2707","NorthernEurope","NorthernEurope",1997,2,59,15,59,15
"2727","Oceania","Oceania",1997,2,-20,135,-20,135
"2747","South-EasternAsia","South-EasternAsia",1997,72699,3,114,3,114
"2767","SouthAmerica","SouthAmerica",1997,66,-25,-65,-25,-65
"2787","SouthernAfrica","SouthernAfrica",1997,140,-23,30,-23,30
"2807","SouthernAsia","SouthernAsia",1997,6146,23,79,23,79
"2827","SouthernEurope","SouthernEurope",1997,0,40,9,40,9
"2847","WesternAfrica","WesternAfrica",1997,13656,11,1,11,1
"2867","WesternAsia","WesternAsia",1997,64310,24,42,24,42
"2887","WesternEurope","WesternEurope",1997,16.5,50,5,50,5
"2888","Caribbean","Caribbean",1998,22.5,21,-78,21,-78
"2908","CentralAmerica","CentralAmerica",1998,17.5,16,-93,16,-93
"2928","CentralAsia","CentralAsia",1998,10999,42,67,42,67
"2948","EasternAfrica","EasternAfrica",1998,93763,3,40,3,40
"2968","EasternAsia","EasternAsia",1998,1,41,116,41,116
"2988","EasternEurope","EasternEurope",1998,30253.5,51,39,51,39
"3008","MiddleAfrica","MiddleAfrica",1998,56314.5,1,17,1,17
"3028","NorthernAfrica","NorthernAfrica",1998,37.5,29,9,29,9
"3048","NorthernAmerica","NorthernAmerica",1998,4,45,-100,45,-100
"3068","NorthernEurope","NorthernEurope",1998,2,59,15,59,15
"3088","Oceania","Oceania",1998,15,-20,135,-20,135
"3108","South-EasternAsia","South-EasternAsia",1998,23822,3,114,3,114
"3128","SouthAmerica","SouthAmerica",1998,345,-25,-65,-25,-65
"3148","SouthernAfrica","SouthernAfrica",1998,211,-23,30,-23,30
"3168","SouthernAsia","SouthernAsia",1998,3845,23,79,23,79
"3188","SouthernEurope","SouthernEurope",1998,0,40,9,40,9
"3208","WesternAfrica","WesternAfrica",1998,111776.5,11,1,11,1
"3228","WesternAsia","WesternAsia",1998,178043.5,24,42,24,42
"3248","WesternEurope","WesternEurope",1998,21.5,50,5,50,5
"3249","Caribbean","Caribbean",1999,28,21,-78,21,-78
"3269","CentralAmerica","CentralAmerica",1999,697,16,-93,16,-93
"3289","CentralAsia","CentralAsia",1999,5098,42,67,42,67
"3309","EasternAfrica","EasternAfrica",1999,81449,3,40,3,40
"3329","EasternAsia","EasternAsia",1999,1,41,116,41,116
"3349","EasternEurope","EasternEurope",1999,54399,51,39,51,39
"3369","MiddleAfrica","MiddleAfrica",1999,51870.5,1,17,1,17
"3389","NorthernAfrica","NorthernAfrica",1999,9,29,9,29,9
"3409","NorthernAmerica","NorthernAmerica",1999,3,45,-100,45,-100
"3429","NorthernEurope","NorthernEurope",1999,3,59,15,59,15
"3449","Oceania","Oceania",1999,0,-20,135,-20,135
"3469","South-EasternAsia","South-EasternAsia",1999,28.5,3,114,3,114
"3489","SouthAmerica","SouthAmerica",1999,105,-25,-65,-25,-65
"3509","SouthernAfrica","SouthernAfrica",1999,7,-23,30,-23,30
"3529","SouthernAsia","SouthernAsia",1999,1925,23,79,23,79
"3549","SouthernEurope","SouthernEurope",1999,0,40,9,40,9
"3569","WesternAfrica","WesternAfrica",1999,85128.5,11,1,11,1
"3589","WesternAsia","WesternAsia",1999,104726,24,42,24,42
"3609","WesternEurope","WesternEurope",1999,25,50,5,50,5
"3610","Caribbean","Caribbean",2000,29,21,-78,21,-78
"3630","CentralAmerica","CentralAmerica",2000,122,16,-93,16,-93
"3650","CentralAsia","CentralAsia",2000,204718,42,67,42,67
"3670","EasternAfrica","EasternAfrica",2000,101437,3,40,3,40
"3690","EasternAsia","EasternAsia",2000,26,41,116,41,116
"3710","EasternEurope","EasternEurope",2000,626,51,39,51,39
"3730","MiddleAfrica","MiddleAfrica",2000,124632.5,1,17,1,17
"3750","NorthernAfrica","NorthernAfrica",2000,26,29,9,29,9
"3770","NorthernAmerica","NorthernAmerica",2000,135,45,-100,45,-100
"3790","NorthernEurope","NorthernEurope",2000,1,59,15,59,15
"3810","Oceania","Oceania",2000,0,-20,135,-20,135
"3830","South-EasternAsia","South-EasternAsia",2000,5817.5,3,114,3,114
"3850","SouthAmerica","SouthAmerica",2000,1303,-25,-65,-25,-65
"3870","SouthernAfrica","SouthernAfrica",2000,1614,-23,30,-23,30
"3890","SouthernAsia","SouthernAsia",2000,1329,23,79,23,79
"3910","SouthernEurope","SouthernEurope",2000,0,40,9,40,9
"3930","WesternAfrica","WesternAfrica",2000,3713,11,1,11,1
"3950","WesternAsia","WesternAsia",2000,125377.5,24,42,24,42
"3970","WesternEurope","WesternEurope",2000,19.5,50,5,50,5
"3971","Caribbean","Caribbean",2001,12,21,-78,21,-78
"3991","CentralAmerica","CentralAmerica",2001,76,16,-93,16,-93
"4011","CentralAsia","CentralAsia",2001,1412.5,42,67,42,67
"4031","EasternAfrica","EasternAfrica",2001,44450,3,40,3,40
"4051","EasternAsia","EasternAsia",2001,1,41,116,41,116
"4071","EasternEurope","EasternEurope",2001,10383,51,39,51,39
"4091","MiddleAfrica","MiddleAfrica",2001,37192.5,1,17,1,17
"4111","NorthernAfrica","NorthernAfrica",2001,13,29,9,29,9
"4131","NorthernAmerica","NorthernAmerica",2001,43,45,-100,45,-100
"4151","NorthernEurope","NorthernEurope",2001,3,59,15,59,15
"4171","Oceania","Oceania",2001,1,-20,135,-20,135
"4191","South-EasternAsia","South-EasternAsia",2001,5781.5,3,114,3,114
"4211","SouthAmerica","SouthAmerica",2001,307,-25,-65,-25,-65
"4231","SouthernAfrica","SouthernAfrica",2001,9,-23,30,-23,30
"4251","SouthernAsia","SouthernAsia",2001,1889,23,79,23,79
"4271","SouthernEurope","SouthernEurope",2001,0,40,9,40,9
"4291","WesternAfrica","WesternAfrica",2001,16130.5,11,1,11,1
"4311","WesternAsia","WesternAsia",2001,260066.5,24,42,24,42
"4331","WesternEurope","WesternEurope",2001,33.5,50,5,50,5
"4332","Caribbean","Caribbean",2002,2,21,-78,21,-78
"4352","CentralAmerica","CentralAmerica",2002,22,16,-93,16,-93
"4372","CentralAsia","CentralAsia",2002,9211,42,67,42,67
"4392","EasternAfrica","EasternAfrica",2002,58888,3,40,3,40
"4412","EasternAsia","EasternAsia",2002,6,41,116,41,116
"4432","EasternEurope","EasternEurope",2002,346,51,39,51,39
"4452","MiddleAfrica","MiddleAfrica",2002,26085,1,17,1,17
"4472","NorthernAfrica","NorthernAfrica",2002,10,29,9,29,9
"4511","NorthernEurope","NorthernEurope",2002,1,59,15,59,15
"4531","Oceania","Oceania",2002,11,-20,135,-20,135
"4551","South-EasternAsia","South-EasternAsia",2002,2250.5,3,114,3,114
"4571","SouthAmerica","SouthAmerica",2002,1606,-25,-65,-25,-65
"4591","SouthernAfrica","SouthernAfrica",2002,33,-23,30,-23,30
"4611","SouthernAsia","SouthernAsia",2002,1484,23,79,23,79
"4631","SouthernEurope","SouthernEurope",2002,0,40,9,40,9
"4651","WesternAfrica","WesternAfrica",2002,128180,11,1,11,1
"4671","WesternAsia","WesternAsia",2002,60786,24,42,24,42
"4691","WesternEurope","WesternEurope",2002,49,50,5,50,5
"4692","Caribbean","Caribbean",2003,44,21,-78,21,-78
"4712","CentralAmerica","CentralAmerica",2003,195,16,-93,16,-93
"4732","CentralAsia","CentralAsia",2003,28.5,42,67,42,67
"4752","EasternAfrica","EasternAfrica",2003,29650,3,40,3,40
"4772","EasternAsia","EasternAsia",2003,2,41,116,41,116
"4792","EasternEurope","EasternEurope",2003,2112,51,39,51,39
"4812","MiddleAfrica","MiddleAfrica",2003,17610,1,17,1,17
"4832","NorthernAfrica","NorthernAfrica",2003,2,29,9,29,9
"4871","NorthernEurope","NorthernEurope",2003,7,59,15,59,15
"4891","Oceania","Oceania",2003,7,-20,135,-20,135
"4911","South-EasternAsia","South-EasternAsia",2003,9603,3,114,3,114
"4931","SouthAmerica","SouthAmerica",2003,3379,-25,-65,-25,-65
"4951","SouthernAfrica","SouthernAfrica",2003,38,-23,30,-23,30
"4971","SouthernAsia","SouthernAsia",2003,2,23,79,23,79
"4991","SouthernEurope","SouthernEurope",2003,0,40,9,40,9
"5011","WesternAfrica","WesternAfrica",2003,87596,11,1,11,1
"5031","WesternAsia","WesternAsia",2003,57014,24,42,24,42
"5051","WesternEurope","WesternEurope",2003,21.5,50,5,50,5
"5052","Caribbean","Caribbean",2004,3,21,-78,21,-78
"5072","CentralAmerica","CentralAmerica",2004,8,16,-93,16,-93
"5092","CentralAsia","CentralAsia",2004,118145.5,42,67,42,67
"5112","EasternAfrica","EasternAfrica",2004,31395,3,40,3,40
"5132","EasternAsia","EasternAsia",2004,1,41,116,41,116
"5152","EasternEurope","EasternEurope",2004,2551,51,39,51,39
"5172","MiddleAfrica","MiddleAfrica",2004,1523,1,17,1,17
"5192","NorthernAfrica","NorthernAfrica",2004,3,29,9,29,9
"5212","NorthernAmerica","NorthernAmerica",2004,69,45,-100,45,-100
"5232","NorthernEurope","NorthernEurope",2004,0,59,15,59,15
"5252","Oceania","Oceania",2004,4,-20,135,-20,135
"5272","South-EasternAsia","South-EasternAsia",2004,19855,3,114,3,114
"5292","SouthAmerica","SouthAmerica",2004,2483,-25,-65,-25,-65
"5312","SouthernAfrica","SouthernAfrica",2004,55,-23,30,-23,30
"5332","SouthernAsia","SouthernAsia",2004,1298,23,79,23,79
"5352","SouthernEurope","SouthernEurope",2004,0,40,9,40,9
"5372","WesternAfrica","WesternAfrica",2004,5862,11,1,11,1
"5392","WesternAsia","WesternAsia",2004,61412,24,42,24,42
"5412","WesternEurope","WesternEurope",2004,14.5,50,5,50,5
"5413","Caribbean","Caribbean",2005,12,21,-78,21,-78
"5433","CentralAmerica","CentralAmerica",2005,13,16,-93,16,-93
"5453","CentralAsia","CentralAsia",2005,127,42,67,42,67
"5473","EasternAfrica","EasternAfrica",2005,25875,3,40,3,40
"5493","EasternAsia","EasternAsia",2005,0,41,116,41,116
"5513","EasternEurope","EasternEurope",2005,2893,51,39,51,39
"5533","MiddleAfrica","MiddleAfrica",2005,20196,1,17,1,17
"5553","NorthernAfrica","NorthernAfrica",2005,6,29,9,29,9
"5573","NorthernAmerica","NorthernAmerica",2005,335,45,-100,45,-100
"5593","NorthernEurope","NorthernEurope",2005,11,59,15,59,15
"5613","Oceania","Oceania",2005,9,-20,135,-20,135
"5633","South-EasternAsia","South-EasternAsia",2005,8768,3,114,3,114
"5653","SouthAmerica","SouthAmerica",2005,2364,-25,-65,-25,-65
"5673","SouthernAfrica","SouthernAfrica",2005,149,-23,30,-23,30
"5693","SouthernAsia","SouthernAsia",2005,1385,23,79,23,79
"5713","SouthernEurope","SouthernEurope",2005,0,40,9,40,9
"5733","WesternAfrica","WesternAfrica",2005,43444,11,1,11,1
"5753","WesternAsia","WesternAsia",2005,78117.5,24,42,24,42
"5773","WesternEurope","WesternEurope",2005,377,50,5,50,5
"5774","Caribbean","Caribbean",2006,14,21,-78,21,-78
"5794","CentralAmerica","CentralAmerica",2006,7,16,-93,16,-93
"5814","CentralAsia","CentralAsia",2006,176,42,67,42,67
"5834","EasternAfrica","EasternAfrica",2006,76006.5,3,40,3,40
"5854","EasternAsia","EasternAsia",2006,19,41,116,41,116
"5874","EasternEurope","EasternEurope",2006,2389,51,39,51,39
"5894","MiddleAfrica","MiddleAfrica",2006,54529,1,17,1,17
"5914","NorthernAfrica","NorthernAfrica",2006,8,29,9,29,9
"5934","NorthernAmerica","NorthernAmerica",2006,435,45,-100,45,-100
"5954","NorthernEurope","NorthernEurope",2006,0,59,15,59,15
"5974","Oceania","Oceania",2006,14,-20,135,-20,135
"5994","South-EasternAsia","South-EasternAsia",2006,23423,3,114,3,114
"6014","SouthAmerica","SouthAmerica",2006,2495,-25,-65,-25,-65
"6034","SouthernAfrica","SouthernAfrica",2006,99,-23,30,-23,30
"6054","SouthernAsia","SouthernAsia",2006,20614,23,79,23,79
"6074","SouthernEurope","SouthernEurope",2006,0,40,9,40,9
"6094","WesternAfrica","WesternAfrica",2006,14069,11,1,11,1
"6114","WesternAsia","WesternAsia",2006,1246517,24,42,24,42
"6134","WesternEurope","WesternEurope",2006,22,50,5,50,5
"6135","Caribbean","Caribbean",2007,32,21,-78,21,-78
"6155","CentralAmerica","CentralAmerica",2007,13,16,-93,16,-93
"6175","CentralAsia","CentralAsia",2007,681,42,67,42,67
"6195","EasternAfrica","EasternAfrica",2007,46357,3,40,3,40
"6215","EasternAsia","EasternAsia",2007,1,41,116,41,116
"6235","EasternEurope","EasternEurope",2007,5058,51,39,51,39
"6255","MiddleAfrica","MiddleAfrica",2007,26696,1,17,1,17
"6275","NorthernAfrica","NorthernAfrica",2007,23,29,9,29,9
"6295","NorthernAmerica","NorthernAmerica",2007,562,45,-100,45,-100
"6315","NorthernEurope","NorthernEurope",2007,1,59,15,59,15
"6335","Oceania","Oceania",2007,61,-20,135,-20,135
"6355","South-EasternAsia","South-EasternAsia",2007,8129,3,114,3,114
"6375","SouthAmerica","SouthAmerica",2007,470485,-25,-65,-25,-65
"6395","SouthernAfrica","SouthernAfrica",2007,283,-23,30,-23,30
"6415","SouthernAsia","SouthernAsia",2007,5853,23,79,23,79
"6435","SouthernEurope","SouthernEurope",2007,0,40,9,40,9
"6455","WesternAfrica","WesternAfrica",2007,7558.5,11,1,11,1
"6475","WesternAsia","WesternAsia",2007,913732.5,24,42,24,42
"6495","WesternEurope","WesternEurope",2007,6,50,5,50,5
"6496","Caribbean","Caribbean",2008,2,21,-78,21,-78
"6516","CentralAmerica","CentralAmerica",2008,27,16,-93,16,-93
"6536","CentralAsia","CentralAsia",2008,30310,42,67,42,67
"6556","EasternAfrica","EasternAfrica",2008,88970,3,40,3,40
"6576","EasternAsia","EasternAsia",2008,10,41,116,41,116
"6596","EasternEurope","EasternEurope",2008,19396,51,39,51,39
"6616","MiddleAfrica","MiddleAfrica",2008,32740,1,17,1,17
"6636","NorthernAfrica","NorthernAfrica",2008,40,29,9,29,9
"6656","NorthernAmerica","NorthernAmerica",2008,209,45,-100,45,-100
"6676","NorthernEurope","NorthernEurope",2008,8,59,15,59,15
"6696","Oceania","Oceania",2008,18,-20,135,-20,135
"6716","South-EasternAsia","South-EasternAsia",2008,4370,3,114,3,114
"6736","SouthAmerica","SouthAmerica",2008,777,-25,-65,-25,-65
"6756","SouthernAfrica","SouthernAfrica",2008,716,-23,30,-23,30
"6776","SouthernAsia","SouthernAsia",2008,378,23,79,23,79
"6796","SouthernEurope","SouthernEurope",2008,0,40,9,40,9
"6816","WesternAfrica","WesternAfrica",2008,15605.5,11,1,11,1
"6836","WesternAsia","WesternAsia",2008,87975.5,24,42,24,42
"6856","WesternEurope","WesternEurope",2008,3,50,5,50,5
"6857","Caribbean","Caribbean",2009,55,21,-78,21,-78
"6877","CentralAmerica","CentralAmerica",2009,69,16,-93,16,-93
"6897","CentralAsia","CentralAsia",2009,87903,42,67,42,67
"6917","EasternAfrica","EasternAfrica",2009,100755,3,40,3,40
"6937","EasternAsia","EasternAsia",2009,19,41,116,41,116
"6957","EasternEurope","EasternEurope",2009,2582,51,39,51,39
"6977","MiddleAfrica","MiddleAfrica",2009,143382,1,17,1,17
"6997","NorthernAfrica","NorthernAfrica",2009,103,29,9,29,9
"7017","NorthernAmerica","NorthernAmerica",2009,493,45,-100,45,-100
"7037","NorthernEurope","NorthernEurope",2009,0,59,15,59,15
"7057","Oceania","Oceania",2009,47,-20,135,-20,135
"7077","South-EasternAsia","South-EasternAsia",2009,28076.5,3,114,3,114
"7097","SouthAmerica","SouthAmerica",2009,15936,-25,-65,-25,-65
"7117","SouthernAfrica","SouthernAfrica",2009,280,-23,30,-23,30
"7137","SouthernAsia","SouthernAsia",2009,3,23,79,23,79
"7157","SouthernEurope","SouthernEurope",2009,0,40,9,40,9
"7177","WesternAfrica","WesternAfrica",2009,7208.5,11,1,11,1
"7197","WesternAsia","WesternAsia",2009,45940,24,42,24,42
"7217","WesternEurope","WesternEurope",2009,1,50,5,50,5
"7218","Caribbean","Caribbean",2010,0,21,-78,21,-78
"7238","CentralAmerica","CentralAmerica",2010,135,16,-93,16,-93
"7258","CentralAsia","CentralAsia",2010,7758,42,67,42,67
"7278","EasternAfrica","EasternAfrica",2010,87652,3,40,3,40
"7298","EasternAsia","EasternAsia",2010,13,41,116,41,116
"7318","EasternEurope","EasternEurope",2010,293,51,39,51,39
"7338","MiddleAfrica","MiddleAfrica",2010,26744,1,17,1,17
"7358","NorthernAfrica","NorthernAfrica",2010,1456,29,9,29,9
"7378","NorthernAmerica","NorthernAmerica",2010,350,45,-100,45,-100
"7398","NorthernEurope","NorthernEurope",2010,0,59,15,59,15
"7418","Oceania","Oceania",2010,87,-20,135,-20,135
"7438","South-EasternAsia","South-EasternAsia",2010,14855.5,3,114,3,114
"7458","SouthAmerica","SouthAmerica",2010,5024,-25,-65,-25,-65
"7478","SouthernAfrica","SouthernAfrica",2010,531,-23,30,-23,30
"7498","SouthernAsia","SouthernAsia",2010,14,23,79,23,79
"7518","SouthernEurope","SouthernEurope",2010,0,40,9,40,9
"7538","WesternAfrica","WesternAfrica",2010,28215,11,1,11,1
"7558","WesternAsia","WesternAsia",2010,74860,24,42,24,42
"7578","WesternEurope","WesternEurope",2010,20,50,5,50,5
"7579","Caribbean","Caribbean",2011,4,21,-78,21,-78
"7599","CentralAmerica","CentralAmerica",2011,230,16,-93,16,-93
"7619","CentralAsia","CentralAsia",2011,3841,42,67,42,67
"7639","EasternAfrica","EasternAfrica",2011,331852,3,40,3,40
"7659","EasternAsia","EasternAsia",2011,4,41,116,41,116
"7679","EasternEurope","EasternEurope",2011,249,51,39,51,39
"7699","MiddleAfrica","MiddleAfrica",2011,8047,1,17,1,17
"7719","NorthernAfrica","NorthernAfrica",2011,621.5,29,9,29,9
"7739","NorthernAmerica","NorthernAmerica",2011,646.5,45,-100,45,-100
"7759","NorthernEurope","NorthernEurope",2011,3,59,15,59,15
"7779","Oceania","Oceania",2011,117,-20,135,-20,135
"7799","South-EasternAsia","South-EasternAsia",2011,5195,3,114,3,114
"7819","SouthAmerica","SouthAmerica",2011,2859,-25,-65,-25,-65
"7839","SouthernAfrica","SouthernAfrica",2011,213,-23,30,-23,30
"7859","SouthernAsia","SouthernAsia",2011,29,23,79,23,79
"7879","SouthernEurope","SouthernEurope",2011,0,40,9,40,9
"7899","WesternAfrica","WesternAfrica",2011,124687,11,1,11,1
"7919","WesternAsia","WesternAsia",2011,76895,24,42,24,42
"7939","WesternEurope","WesternEurope",2011,15,50,5,50,5
"7940","Caribbean","Caribbean",2012,164,21,-78,21,-78
"7960","CentralAmerica","CentralAmerica",2012,117,16,-93,16,-93
"7980","CentralAsia","CentralAsia",2012,13,42,67,42,67
"8000","EasternAfrica","EasternAfrica",2012,254193,3,40,3,40
"8020","EasternAsia","EasternAsia",2012,20.5,41,116,41,116
"8040","EasternEurope","EasternEurope",2012,159,51,39,51,39
"8060","MiddleAfrica","MiddleAfrica",2012,9877,1,17,1,17
"8080","NorthernAfrica","NorthernAfrica",2012,0.5,29,9,29,9
"8100","NorthernAmerica","NorthernAmerica",2012,836.5,45,-100,45,-100
"8120","NorthernEurope","NorthernEurope",2012,0,59,15,59,15
"8140","Oceania","Oceania",2012,114,-20,135,-20,135
"8160","South-EasternAsia","South-EasternAsia",2012,3801.5,3,114,3,114
"8180","SouthAmerica","SouthAmerica",2012,2308,-25,-65,-25,-65
"8200","SouthernAfrica","SouthernAfrica",2012,42,-23,30,-23,30
"8220","SouthernAsia","SouthernAsia",2012,23,23,79,23,79
"8240","SouthernEurope","SouthernEurope",2012,0,40,9,40,9
"8260","WesternAfrica","WesternAfrica",2012,143651.5,11,1,11,1
"8280","WesternAsia","WesternAsia",2012,770027,24,42,24,42
"8300","WesternEurope","WesternEurope",2012,8,50,5,50,5
"8301","Caribbean","Caribbean",2013,0,21,-78,21,-78
"8321","CentralAmerica","CentralAmerica",2013,350,16,-93,16,-93
"8341","CentralAsia","CentralAsia",2013,40,42,67,42,67
"8361","EasternAfrica","EasternAfrica",2013,107551,3,40,3,40
"8381","EasternAsia","EasternAsia",2013,6,41,116,41,116
"8401","EasternEurope","EasternEurope",2013,329,51,39,51,39
"8421","MiddleAfrica","MiddleAfrica",2013,89467,1,17,1,17
"8441","NorthernAfrica","NorthernAfrica",2013,816.5,29,9,29,9
"8461","NorthernAmerica","NorthernAmerica",2013,406,45,-100,45,-100
"8481","NorthernEurope","NorthernEurope",2013,0,59,15,59,15
"8501","Oceania","Oceania",2013,92,-20,135,-20,135
"8521","South-EasternAsia","South-EasternAsia",2013,60428.5,3,114,3,114
"8541","SouthAmerica","SouthAmerica",2013,1284,-25,-65,-25,-65
"8561","SouthernAfrica","SouthernAfrica",2013,110,-23,30,-23,30
"8581","SouthernAsia","SouthernAsia",2013,52,23,79,23,79
"8601","SouthernEurope","SouthernEurope",2013,0,40,9,40,9
"8621","WesternAfrica","WesternAfrica",2013,25280,11,1,11,1
"8641","WesternAsia","WesternAsia",2013,1667699,24,42,24,42
"8661","WesternEurope","WesternEurope",2013,12,50,5,50,5
